"Country","Year","Population"
"Antigua and Barbuda","2000","75055"
"Antigua and Barbuda","2001","76215"
"Antigua and Barbuda","2002","77195"
"Antigua and Barbuda","2003","78075"
"Antigua and Barbuda","2004","78941"
"Antigua and Barbuda","2005","79869"
"Antigua and Barbuda","2006","80895"
"Antigua and Barbuda","2007","82016"
"Antigua and Barbuda","2008","83251"
"Antigua and Barbuda","2009","84534"
"Antigua and Barbuda","2010","85695"
"Antigua and Barbuda","2011","86729"
"Antigua and Barbuda","2012","87674"
"Antigua and Barbuda","2013","88497"
"Antigua and Barbuda","2014","89236"
"Antigua and Barbuda","2015","89941"
"Bahamas","2000","325014"
"Bahamas","2001","329626"
"Bahamas","2002","334002"
"Bahamas","2003","338490"
"Bahamas","2004","343089"
"Bahamas","2005","347804"
"Bahamas","2006","352664"
"Bahamas","2007","357666"
"Bahamas","2008","362795"
"Bahamas","2009","368057"
"Bahamas","2010","373272"
"Bahamas","2011","377950"
"Bahamas","2012","382061"
"Bahamas","2013","385650"
"Bahamas","2014","389131"
"Bahamas","2015","392697"
"Bahrain","2000","711442"
"Bahrain","2001","730257"
"Bahrain","2002","748324"
"Bahrain","2003","778256"
"Bahrain","2004","833451"
"Bahrain","2005","901921"
"Bahrain","2006","970981"
"Bahrain","2007","1040532"
"Bahrain","2008","1110343"
"Bahrain","2009","1179453"
"Bahrain","2010","1213645"
"Bahrain","2011","1212077"
"Bahrain","2012","1224939"
"Bahrain","2013","1261673"
"Bahrain","2014","1311134"
"Bahrain","2015","1362142"
"Barbados","2000","264657"
"Barbados","2001","265377"
"Barbados","2002","266455"
"Barbados","2003","267499"
"Barbados","2004","268505"
"Barbados","2005","269477"
"Barbados","2006","270425"
"Barbados","2007","271444"
"Barbados","2008","272635"
"Barbados","2009","273791"
"Barbados","2010","274711"
"Barbados","2011","275486"
"Barbados","2012","276197"
"Barbados","2013","276865"
"Barbados","2014","277493"
"Barbados","2015","278083"
"Bolivia (Plurinational State of)","2000","8592656"
"Bolivia (Plurinational State of)","2001","8746084"
"Bolivia (Plurinational State of)","2002","8900583"
"Bolivia (Plurinational State of)","2003","9057378"
"Bolivia (Plurinational State of)","2004","9216279"
"Bolivia (Plurinational State of)","2005","9377388"
"Bolivia (Plurinational State of)","2006","9542663"
"Bolivia (Plurinational State of)","2007","9711152"
"Bolivia (Plurinational State of)","2008","9880593"
"Bolivia (Plurinational State of)","2009","10051317"
"Bolivia (Plurinational State of)","2010","10223270"
"Bolivia (Plurinational State of)","2011","10396246"
"Bolivia (Plurinational State of)","2012","10569697"
"Bolivia (Plurinational State of)","2013","10743349"
"Bolivia (Plurinational State of)","2014","10916987"
"Bolivia (Plurinational State of)","2015","11090085"
"Brunei Darussalam","2000","333926"
"Brunei Darussalam","2001","340748"
"Brunei Darussalam","2002","347463"
"Brunei Darussalam","2003","354045"
"Brunei Darussalam","2004","360461"
"Brunei Darussalam","2005","366717"
"Brunei Darussalam","2006","372808"
"Brunei Darussalam","2007","378748"
"Brunei Darussalam","2008","384568"
"Brunei Darussalam","2009","390311"
"Brunei Darussalam","2010","396053"
"Brunei Darussalam","2011","401506"
"Brunei Darussalam","2012","406634"
"Brunei Darussalam","2013","411702"
"Brunei Darussalam","2014","416656"
"Brunei Darussalam","2015","421437"
"Côte d'Ivoire","2000","16799670"
"Côte d'Ivoire","2001","17245468"
"Côte d'Ivoire","2002","17683897"
"Côte d'Ivoire","2003","18116451"
"Côte d'Ivoire","2004","18544903"
"Côte d'Ivoire","2005","18970215"
"Côte d'Ivoire","2006","19394057"
"Côte d'Ivoire","2007","19817700"
"Côte d'Ivoire","2008","20244449"
"Côte d'Ivoire","2009","20677762"
"Côte d'Ivoire","2010","21120042"
"Côte d'Ivoire","2011","21562914"
"Côte d'Ivoire","2012","22010712"
"Côte d'Ivoire","2013","22469268"
"Côte d'Ivoire","2014","22995555"
"Côte d'Ivoire","2015","23596741"
"Cuba","2000","11105791"
"Cuba","2001","11139127"
"Cuba","2002","11170051"
"Cuba","2003","11199217"
"Cuba","2004","11225294"
"Cuba","2005","11246114"
"Cuba","2006","11260630"
"Cuba","2007","11269887"
"Cuba","2008","11276609"
"Cuba","2009","11283185"
"Cuba","2010","11290417"
"Cuba","2011","11298710"
"Cuba","2012","11309290"
"Cuba","2013","11321579"
"Cuba","2014","11332026"
"Cuba","2015","11339894"
"Czechia","2000","10255063"
"Czechia","2001","10216605"
"Czechia","2002","10196916"
"Czechia","2003","10193998"
"Czechia","2004","10197101"
"Czechia","2005","10211216"
"Czechia","2006","10238905"
"Czechia","2007","10298828"
"Czechia","2008","10384603"
"Czechia","2009","10443936"
"Czechia","2010","10474410"
"Czechia","2011","10496088"
"Czechia","2012","10510785"
"Czechia","2013","10514272"
"Czechia","2014","10525347"
"Czechia","2015","10546059"
"Democratic Republic of the Congo","2000","48616317"
"Democratic Republic of the Congo","2001","50106657"
"Democratic Republic of the Congo","2002","51662071"
"Democratic Republic of the Congo","2003","53205639"
"Democratic Republic of the Congo","2004","54815607"
"Democratic Republic of the Congo","2005","56550247"
"Democratic Republic of the Congo","2006","58381630"
"Democratic Republic of the Congo","2007","60289422"
"Democratic Republic of the Congo","2008","62249724"
"Democratic Republic of the Congo","2009","64270232"
"Democratic Republic of the Congo","2010","66391257"
"Democratic Republic of the Congo","2011","68654269"
"Democratic Republic of the Congo","2012","70997870"
"Democratic Republic of the Congo","2013","73460021"
"Democratic Republic of the Congo","2014","76035588"
"Democratic Republic of the Congo","2015","78656904"
"Democratic People's Republic of Korea","2000","23367059"
"Democratic People's Republic of Korea","2001","23512522"
"Democratic People's Republic of Korea","2002","23638411"
"Democratic People's Republic of Korea","2003","23781707"
"Democratic People's Republic of Korea","2004","23948930"
"Democratic People's Republic of Korea","2005","24100982"
"Democratic People's Republic of Korea","2006","24235761"
"Democratic People's Republic of Korea","2007","24356506"
"Democratic People's Republic of Korea","2008","24469047"
"Democratic People's Republic of Korea","2009","24581509"
"Democratic People's Republic of Korea","2010","24686435"
"Democratic People's Republic of Korea","2011","24783789"
"Democratic People's Republic of Korea","2012","24887770"
"Democratic People's Republic of Korea","2013","25001819"
"Democratic People's Republic of Korea","2014","25126131"
"Democratic People's Republic of Korea","2015","25258015"
"Dominica","2000","68346"
"Dominica","2001","68153"
"Dominica","2002","68262"
"Dominica","2003","68442"
"Dominica","2004","68574"
"Dominica","2005","68674"
"Dominica","2006","68742"
"Dominica","2007","68775"
"Dominica","2008","68782"
"Dominica","2009","68787"
"Dominica","2010","68755"
"Dominica","2011","68742"
"Dominica","2012","68888"
"Dominica","2013","68819"
"Dominica","2014","69371"
"Dominica","2015","70007"
"Egypt","2000","71371371"
"Egypt","2001","72854261"
"Egypt","2002","74393759"
"Egypt","2003","75963322"
"Egypt","2004","77522427"
"Egypt","2005","79075310"
"Egypt","2006","80629670"
"Egypt","2007","82218755"
"Egypt","2008","83844783"
"Egypt","2009","85501064"
"Egypt","2010","87252413"
"Egypt","2011","89200054"
"Egypt","2012","91240376"
"Egypt","2013","93377890"
"Egypt","2014","95592324"
"Egypt","2015","97723799"
"Eritrea","2000","2392880"
"Eritrea","2001","2461927"
"Eritrea","2002","2547424"
"Eritrea","2003","2653390"
"Eritrea","2004","2763140"
"Eritrea","2005","2831732"
"Eritrea","2006","2880093"
"Eritrea","2007","2926168"
"Eritrea","2008","3005779"
"Eritrea","2009","3083888"
"Eritrea","2010","3147727"
"Eritrea","2011","3207570"
"Eritrea","2012","3252596"
"Eritrea","2013","3296367"
"Eritrea","2014","3323425"
"Eritrea","2015","3340006"
"Gambia","2000","1437539"
"Gambia","2001","1479449"
"Gambia","2002","1522223"
"Gambia","2003","1566257"
"Gambia","2004","1612225"
"Gambia","2005","1660368"
"Gambia","2006","1711294"
"Gambia","2007","1764883"
"Gambia","2008","1820542"
"Gambia","2009","1878119"
"Gambia","2010","1937275"
"Gambia","2011","1998212"
"Gambia","2012","2061014"
"Gambia","2013","2124869"
"Gambia","2014","2189019"
"Gambia","2015","2253133"
"Grenada","2000","107432"
"Grenada","2001","107936"
"Grenada","2002","108231"
"Grenada","2003","108740"
"Grenada","2004","109516"
"Grenada","2005","110254"
"Grenada","2006","110988"
"Grenada","2007","111725"
"Grenada","2008","112478"
"Grenada","2009","113249"
"Grenada","2010","114039"
"Grenada","2011","114918"
"Grenada","2012","115912"
"Grenada","2013","116945"
"Grenada","2014","117972"
"Grenada","2015","118980"
"Iran (Islamic Republic of)","2000","65544383"
"Iran (Islamic Republic of)","2001","66674851"
"Iran (Islamic Republic of)","2002","67327117"
"Iran (Islamic Republic of)","2003","67954699"
"Iran (Islamic Republic of)","2004","69061674"
"Iran (Islamic Republic of)","2005","70182594"
"Iran (Islamic Republic of)","2006","71275760"
"Iran (Islamic Republic of)","2007","72319418"
"Iran (Islamic Republic of)","2008","73318394"
"Iran (Islamic Republic of)","2009","74322685"
"Iran (Islamic Republic of)","2010","75373855"
"Iran (Islamic Republic of)","2011","76342971"
"Iran (Islamic Republic of)","2012","77324451"
"Iran (Islamic Republic of)","2013","78458928"
"Iran (Islamic Republic of)","2014","79961672"
"Iran (Islamic Republic of)","2015","81790841"
"Kuwait","2000","1934901"
"Kuwait","2001","1991674"
"Kuwait","2002","2047364"
"Kuwait","2003","2101506"
"Kuwait","2004","2153481"
"Kuwait","2005","2235403"
"Kuwait","2006","2363409"
"Kuwait","2007","2506769"
"Kuwait","2008","2650930"
"Kuwait","2009","2795550"
"Kuwait","2010","2943356"
"Kuwait","2011","3143825"
"Kuwait","2012","3394663"
"Kuwait","2013","3646518"
"Kuwait","2014","3761584"
"Kuwait","2015","3908743"
"Kyrgyzstan","2000","4898400"
"Kyrgyzstan","2001","4945100"
"Kyrgyzstan","2002","4990700"
"Kyrgyzstan","2003","5043300"
"Kyrgyzstan","2004","5104700"
"Kyrgyzstan","2005","5162600"
"Kyrgyzstan","2006","5218400"
"Kyrgyzstan","2007","5268400"
"Kyrgyzstan","2008","5318700"
"Kyrgyzstan","2009","5383300"
"Kyrgyzstan","2010","5447900"
"Kyrgyzstan","2011","5514600"
"Kyrgyzstan","2012","5607200"
"Kyrgyzstan","2013","5719600"
"Kyrgyzstan","2014","5835500"
"Kyrgyzstan","2015","5956900"
"Lao People's Democratic Republic","2000","5430853"
"Lao People's Democratic Republic","2001","5519707"
"Lao People's Democratic Republic","2002","5606101"
"Lao People's Democratic Republic","2003","5689065"
"Lao People's Democratic Republic","2004","5768167"
"Lao People's Democratic Republic","2005","5852970"
"Lao People's Democratic Republic","2006","5946593"
"Lao People's Democratic Republic","2007","6041348"
"Lao People's Democratic Republic","2008","6135861"
"Lao People's Democratic Republic","2009","6229930"
"Lao People's Democratic Republic","2010","6323418"
"Lao People's Democratic Republic","2011","6416327"
"Lao People's Democratic Republic","2012","6508803"
"Lao People's Democratic Republic","2013","6600742"
"Lao People's Democratic Republic","2014","6691454"
"Lao People's Democratic Republic","2015","6787419"
"Libya","2000","5154790"
"Libya","2001","5275916"
"Libya","2002","5405326"
"Libya","2003","5542641"
"Libya","2004","5687563"
"Libya","2005","5837986"
"Libya","2006","5973369"
"Libya","2007","6097177"
"Libya","2008","6228370"
"Libya","2009","6360191"
"Libya","2010","6491988"
"Libya","2011","6188132"
"Libya","2012","5869870"
"Libya","2013","5985221"
"Libya","2014","6097764"
"Libya","2015","6192235"
"Marshall Islands","2000","54224"
"Marshall Islands","2001","54413"
"Marshall Islands","2002","54496"
"Marshall Islands","2003","54493"
"Marshall Islands","2004","54435"
"Marshall Islands","2005","54337"
"Marshall Islands","2006","54208"
"Marshall Islands","2007","54038"
"Marshall Islands","2008","53816"
"Marshall Islands","2009","53593"
"Marshall Islands","2010","53416"
"Marshall Islands","2011","52971"
"Marshall Islands","2012","52203"
"Marshall Islands","2013","51352"
"Marshall Islands","2014","50419"
"Marshall Islands","2015","49410"
"Micronesia (Federated States of)","2000","111709"
"Micronesia (Federated States of)","2001","111948"
"Micronesia (Federated States of)","2002","111992"
"Micronesia (Federated States of)","2003","111805"
"Micronesia (Federated States of)","2004","111438"
"Micronesia (Federated States of)","2005","110940"
"Micronesia (Federated States of)","2006","110301"
"Micronesia (Federated States of)","2007","109532"
"Micronesia (Federated States of)","2008","108704"
"Micronesia (Federated States of)","2009","107868"
"Micronesia (Federated States of)","2010","107588"
"Micronesia (Federated States of)","2011","107887"
"Micronesia (Federated States of)","2012","108232"
"Micronesia (Federated States of)","2013","108609"
"Micronesia (Federated States of)","2014","109024"
"Micronesia (Federated States of)","2015","109462"
"Monaco","2000","32465"
"Monaco","2001","32444"
"Monaco","2002","32386"
"Monaco","2003","32316"
"Monaco","2004","32236"
"Monaco","2005","32141"
"Monaco","2006","32011"
"Monaco","2007","31823"
"Monaco","2008","31862"
"Monaco","2009","32401"
"Monaco","2010","33178"
"Monaco","2011","33945"
"Monaco","2012","34700"
"Monaco","2013","35425"
"Monaco","2014","36110"
"Monaco","2015","36760"
"Nauru","2000","10377"
"Nauru","2001","10363"
"Nauru","2002","10351"
"Nauru","2003","10344"
"Nauru","2004","10335"
"Nauru","2005","10318"
"Nauru","2006","10294"
"Nauru","2007","10267"
"Nauru","2008","10243"
"Nauru","2009","10233"
"Nauru","2010","10241"
"Nauru","2011","10283"
"Nauru","2012","10444"
"Nauru","2013","10694"
"Nauru","2014","10940"
"Nauru","2015","11185"
"New Zealand","2000","3857700"
"New Zealand","2001","3880500"
"New Zealand","2002","3948500"
"New Zealand","2003","4027200"
"New Zealand","2004","4087500"
"New Zealand","2005","4133900"
"New Zealand","2006","4184600"
"New Zealand","2007","4223800"
"New Zealand","2008","4259800"
"New Zealand","2009","4302600"
"New Zealand","2010","4350700"
"New Zealand","2011","4384000"
"New Zealand","2012","4408100"
"New Zealand","2013","4442100"
"New Zealand","2014","4516500"
"New Zealand","2015","4609400"
"Oman","2000","2344253"
"Oman","2001","2374653"
"Oman","2002","2403659"
"Oman","2003","2431600"
"Oman","2004","2468855"
"Oman","2005","2515192"
"Oman","2006","2560649"
"Oman","2007","2605700"
"Oman","2008","2651028"
"Oman","2009","2697537"
"Oman","2010","2881914"
"Oman","2011","3206870"
"Oman","2012","3535579"
"Oman","2013","3816680"
"Oman","2014","4009267"
"Oman","2015","4191776"
"Qatar","2000","645937"
"Qatar","2001","678831"
"Qatar","2002","713186"
"Qatar","2003","748525"
"Qatar","2004","777943"
"Qatar","2005","848710"
"Qatar","2006","1015060"
"Qatar","2007","1231893"
"Qatar","2008","1444277"
"Qatar","2009","1610274"
"Qatar","2010","1713504"
"Qatar","2011","1804171"
"Qatar","2012","1905660"
"Qatar","2013","2035501"
"Qatar","2014","2214465"
"Qatar","2015","2414573"
"Republic of Korea","2000","47008111"
"Republic of Korea","2001","47370164"
"Republic of Korea","2002","47644736"
"Republic of Korea","2003","47892330"
"Republic of Korea","2004","48082519"
"Republic of Korea","2005","48184561"
"Republic of Korea","2006","48438292"
"Republic of Korea","2007","48683638"
"Republic of Korea","2008","49054708"
"Republic of Korea","2009","49307835"
"Republic of Korea","2010","49554112"
"Republic of Korea","2011","49936638"
"Republic of Korea","2012","50199853"
"Republic of Korea","2013","50428893"
"Republic of Korea","2014","50746659"
"Republic of Korea","2015","51014947"
"Republic of Moldova","2000","2924668"
"Republic of Moldova","2001","2918135"
"Republic of Moldova","2002","2911385"
"Republic of Moldova","2003","2903198"
"Republic of Moldova","2004","2896023"
"Republic of Moldova","2005","2888985"
"Republic of Moldova","2006","2880967"
"Republic of Moldova","2007","2874299"
"Republic of Moldova","2008","2868833"
"Republic of Moldova","2009","2865213"
"Republic of Moldova","2010","2862354"
"Republic of Moldova","2011","2860699"
"Republic of Moldova","2012","2860324"
"Republic of Moldova","2013","2859558"
"Republic of Moldova","2014","2857815"
"Republic of Moldova","2015","2835978"
"Saint Kitts and Nevis","2000","45461"
"Saint Kitts and Nevis","2001","45986"
"Saint Kitts and Nevis","2002","46264"
"Saint Kitts and Nevis","2003","46431"
"Saint Kitts and Nevis","2004","46580"
"Saint Kitts and Nevis","2005","46725"
"Saint Kitts and Nevis","2006","46874"
"Saint Kitts and Nevis","2007","47015"
"Saint Kitts and Nevis","2008","47156"
"Saint Kitts and Nevis","2009","47286"
"Saint Kitts and Nevis","2010","47403"
"Saint Kitts and Nevis","2011","47581"
"Saint Kitts and Nevis","2012","47727"
"Saint Kitts and Nevis","2013","47767"
"Saint Kitts and Nevis","2014","47789"
"Saint Kitts and Nevis","2015","47790"
"Saint Vincent and the Grenadines","2000","113813"
"Saint Vincent and the Grenadines","2001","113641"
"Saint Vincent and the Grenadines","2002","113450"
"Saint Vincent and the Grenadines","2003","113108"
"Saint Vincent and the Grenadines","2004","112608"
"Saint Vincent and the Grenadines","2005","112043"
"Saint Vincent and the Grenadines","2006","111427"
"Saint Vincent and the Grenadines","2007","110824"
"Saint Vincent and the Grenadines","2008","110316"
"Saint Vincent and the Grenadines","2009","109840"
"Saint Vincent and the Grenadines","2010","109308"
"Saint Vincent and the Grenadines","2011","108703"
"Saint Vincent and the Grenadines","2012","108083"
"Saint Vincent and the Grenadines","2013","107450"
"Saint Vincent and the Grenadines","2014","106912"
"Saint Vincent and the Grenadines","2015","106482"
"Saint Lucia","2000","159500"
"Saint Lucia","2001","160594"
"Saint Lucia","2002","161799"
"Saint Lucia","2003","163047"
"Saint Lucia","2004","164239"
"Saint Lucia","2005","165386"
"Saint Lucia","2006","166470"
"Saint Lucia","2007","167518"
"Saint Lucia","2008","168576"
"Saint Lucia","2009","169688"
"Saint Lucia","2010","170935"
"Saint Lucia","2011","172145"
"Saint Lucia","2012","173124"
"Saint Lucia","2013","173978"
"Saint Lucia","2014","174804"
"Saint Lucia","2015","175623"
"Saudi Arabia","2000","21547390"
"Saudi Arabia","2001","22085929"
"Saudi Arabia","2002","22623415"
"Saudi Arabia","2003","23150847"
"Saudi Arabia","2004","23661808"
"Saudi Arabia","2005","24397644"
"Saudi Arabia","2006","25382870"
"Saudi Arabia","2007","26400068"
"Saudi Arabia","2008","27437353"
"Saudi Arabia","2009","28483797"
"Saudi Arabia","2010","29411929"
"Saudi Arabia","2011","30150945"
"Saudi Arabia","2012","30821543"
"Saudi Arabia","2013","31482498"
"Saudi Arabia","2014","32125564"
"Saudi Arabia","2015","32749848"
"San Marino","2000","26823"
"San Marino","2001","27335"
"San Marino","2002","27969"
"San Marino","2003","28601"
"San Marino","2004","29093"
"San Marino","2005","29508"
"San Marino","2006","29959"
"San Marino","2007","30372"
"San Marino","2008","30700"
"San Marino","2009","31059"
"San Marino","2010","31608"
"San Marino","2011","32495"
"San Marino","2012","33132"
"San Marino","2013","33285"
"San Marino","2014","33389"
"San Marino","2015","33570"
"Singapore","2000","4027887"
"Singapore","2001","4138012"
"Singapore","2002","4175950"
"Singapore","2003","4114826"
"Singapore","2004","4166664"
"Singapore","2005","4265762"
"Singapore","2006","4401365"
"Singapore","2007","4588599"
"Singapore","2008","4839396"
"Singapore","2009","4987573"
"Singapore","2010","5076732"
"Singapore","2011","5183688"
"Singapore","2012","5312437"
"Singapore","2013","5399162"
"Singapore","2014","5469724"
"Singapore","2015","5535002"
"Slovakia","2000","5388720"
"Slovakia","2001","5378867"
"Slovakia","2002","5376912"
"Slovakia","2003","5373374"
"Slovakia","2004","5372280"
"Slovakia","2005","5372807"
"Slovakia","2006","5373054"
"Slovakia","2007","5374622"
"Slovakia","2008","5379233"
"Slovakia","2009","5386406"
"Slovakia","2010","5391428"
"Slovakia","2011","5398384"
"Slovakia","2012","5407579"
"Slovakia","2013","5413393"
"Slovakia","2014","5418649"
"Slovakia","2015","5423801"
"Somalia","2000","8721465"
"Somalia","2001","9070747"
"Somalia","2002","9411103"
"Somalia","2003","9758281"
"Somalia","2004","10117354"
"Somalia","2005","10467292"
"Somalia","2006","10784973"
"Somalia","2007","11118092"
"Somalia","2008","11444870"
"Somalia","2009","11730037"
"Somalia","2010","12026649"
"Somalia","2011","12216837"
"Somalia","2012","12440326"
"Somalia","2013","12852485"
"Somalia","2014","13309235"
"Somalia","2015","13763906"
"United Arab Emirates","2000","3275333"
"United Arab Emirates","2001","3454198"
"United Arab Emirates","2002","3633655"
"United Arab Emirates","2003","3813443"
"United Arab Emirates","2004","3993339"
"United Arab Emirates","2005","4280993"
"United Arab Emirates","2006","4898954"
"United Arab Emirates","2007","5872624"
"United Arab Emirates","2008","6988685"
"United Arab Emirates","2009","7992644"
"United Arab Emirates","2010","8481771"
"United Arab Emirates","2011","8575205"
"United Arab Emirates","2012","8664969"
"United Arab Emirates","2013","8751847"
"United Arab Emirates","2014","8835951"
"United Arab Emirates","2015","8916899"
"United Kingdom of Great Britain and Northern Ireland","2000","58892514"
"United Kingdom of Great Britain and Northern Ireland","2001","59119673"
"United Kingdom of Great Britain and Northern Ireland","2002","59370479"
"United Kingdom of Great Britain and Northern Ireland","2003","59647577"
"United Kingdom of Great Britain and Northern Ireland","2004","59987905"
"United Kingdom of Great Britain and Northern Ireland","2005","60401206"
"United Kingdom of Great Britain and Northern Ireland","2006","60846820"
"United Kingdom of Great Britain and Northern Ireland","2007","61322463"
"United Kingdom of Great Britain and Northern Ireland","2008","61806995"
"United Kingdom of Great Britain and Northern Ireland","2009","62276270"
"United Kingdom of Great Britain and Northern Ireland","2010","62766365"
"United Kingdom of Great Britain and Northern Ireland","2011","63258810"
"United Kingdom of Great Britain and Northern Ireland","2012","63700215"
"United Kingdom of Great Britain and Northern Ireland","2013","64128273"
"United Kingdom of Great Britain and Northern Ireland","2014","64602298"
"United Kingdom of Great Britain and Northern Ireland","2015","65116219"
"United States of America","2000","282162411"
"United States of America","2001","284968955"
"United States of America","2002","287625193"
"United States of America","2003","290107933"
"United States of America","2004","292805298"
"United States of America","2005","295516599"
"United States of America","2006","298379912"
"United States of America","2007","301231207"
"United States of America","2008","304093966"
"United States of America","2009","306771529"
"United States of America","2010","309327143"
"United States of America","2011","311583481"
"United States of America","2012","313877662"
"United States of America","2013","316059947"
"United States of America","2014","318386329"
"United States of America","2015","320738994"
"Venezuela (Bolivarian Republic of)","2000","24427729"
"Venezuela (Bolivarian Republic of)","2001","24880203"
"Venezuela (Bolivarian Republic of)","2002","25330929"
"Venezuela (Bolivarian Republic of)","2003","25782029"
"Venezuela (Bolivarian Republic of)","2004","26226927"
"Venezuela (Bolivarian Republic of)","2005","26668785"
"Venezuela (Bolivarian Republic of)","2006","27102081"
"Venezuela (Bolivarian Republic of)","2007","27525097"
"Venezuela (Bolivarian Republic of)","2008","27933833"
"Venezuela (Bolivarian Republic of)","2009","28327892"
"Venezuela (Bolivarian Republic of)","2010","28715022"
"Venezuela (Bolivarian Republic of)","2011","29096159"
"Venezuela (Bolivarian Republic of)","2012","29470426"
"Venezuela (Bolivarian Republic of)","2013","29838021"
"Venezuela (Bolivarian Republic of)","2014","30193258"
"Venezuela (Bolivarian Republic of)","2015","30529716"
"Viet Nam","2000","79001142"
"Viet Nam","2001","79817777"
"Viet Nam","2002","80642308"
"Viet Nam","2003","81475825"
"Viet Nam","2004","82311227"
"Viet Nam","2005","83142095"
"Viet Nam","2006","83951800"
"Viet Nam","2007","84762269"
"Viet Nam","2008","85597241"
"Viet Nam","2009","86482923"
"Viet Nam","2010","87411012"
"Viet Nam","2011","88349117"
"Viet Nam","2012","89301326"
"Viet Nam","2013","90267739"
"Viet Nam","2014","91235504"
"Viet Nam","2015","92191398"
"Yemen","2000","18628700"
"Yemen","2001","19143457"
"Yemen","2002","19660653"
"Yemen","2003","20188799"
"Yemen","2004","20733406"
"Yemen","2005","21320671"
"Yemen","2006","21966298"
"Yemen","2007","22641538"
"Yemen","2008","23329004"
"Yemen","2009","24029589"
"Yemen","2010","24743946"
"Yemen","2011","25475610"
"Yemen","2012","26223391"
"Yemen","2013","26984002"
"Yemen","2014","27753304"
"Yemen","2015","28516545"
